m äjana,mwana,child
m änt ä,muntu,person
m äd…™mi,murimyi,parent
m ädog…™,murozi,witch
m äjibi,mwibyi,thief
m äjidag äda,mwirabura,Black person
m än äa,munwa,mouth
idiba,iriba,well
jico, íi≈°o,eye
matai,mata,milk
makuta,mavuta,oil
majij…™,mazi,water
ijina,izina,name
k äjedi,kwezi,moon
bad,bar,count
bon,bon,see
b ämb,bumb,make pottery
biad,byar,give birth
bin,byin,dance
tud,ƒçur,forge
tata,data,my father
k äd,kur,grow up
ku,pf,die
g äd,gur,buy
cek,sek,laugh
g ä,gw,fall
p,h,give
pod,hor,quiet
jib,ib,steal
ipapa,ibaba,wing
mbede,mbere,breast
k…™ganja,kiganza,hand
ib ämba,ibumba,clay
ib äe,ibuye,stone
k ämi,ƒçumi,ten
k…™jati,ƒáaci,grass
icu…™,ifi,fish
ig…™,igi,egg
k…™kodo,gikoro,yam
m ät…™,muti,tree
ikupa,igufwa,bone
ipaca,ihasa,twin
g äd ä, íuru,heaven
ikada,ikara,charcoal
k…™banja,kibanza,building site
k…™gego,ki íigo,molar
mb äa,mbwa,dog
ngub ä,mvubu,hippo
mpiti,mpyisi,hyena
m ät…™ma,mutima,heart
m ät äe,mutwe,head
ngoina,ngona,crocodile
mbuda,mvura,rain
m äjaka,mwaka,year
nd…™mi,ndimi,tongue
ngoma,ngoma,drum
ng äd äbe,ngurube,pig
ngoi,ngwe,leopard
nkanga,nkanga,guinea fowl
n…≤ama,…≤ama,meat
njanja,…≤anja,ocean
nj äni,…≤oni,bird
njada,nzara,hunger
nj…™da,nzira,road
njoka,nzoka,snake
njogu,nzovu,elephant
ndot…™,nzozi,dream
njik…™,nzuki,bee
coko,soko,spring
coni,soni,modesty
j…™t,it,call
itako,itako,buttock
ij äba,izuba,sun
ij äd ä,izuru,nose
g…™,…ü,go
kam,kam,milk
…≤o,…≤w,drink
mama,mama,my mother
mad äme,marume,my maternal uncle
moi,mwe,one
nunk,nuk,smell
nina,…≤ina,someone's mother
…≤oko,…≤oko,your mother
jog,og,bathe
jot,ot,warm
joki,oƒá,roast
d…™m,rim,cultivate
dob,rob,fish
dog,rog,bewitch
dot,rot,dream
d äad,rwar,be ill
d…™,ry,eat
ce,se,someone's father
cim, Éim,thank
tig,sig,leave
b äjik…™,buki,honey
b ädogi,burozi,poison
b äjato,bwato,boat
b äjongo,bwonko,brain
k ät äi,gutwi,ear
k äboko,kuboko,arm
k äg äd ä,kuguru,leg
k äjapa,kwaha,armpit
m äganga,muganga,doctor
m äkono,mukono,hand
m äc äa,muswa,termite
m äjami,mwami,king
jigu,umv,hear
jij,z,come